tag,gis
arcgis-desktop,1
arcgis-enterprise,1
arcgis-javascript-api,1
arcgis-online,1
arcgis-pro,1
arcgis-server,1
arcmap,1
arcobjects,1
arcpy,1
esri,1
arcsde,1
carto,1
cartography,1
enterprise-geodatabase,1
equis,1
erdas,1
file-geodatabase,1
fme,1
gdal,1
geocoding,1
geodjango,1
geoint,1
geojson,1
geokettle,1
geomesa,1
geonode,1
geopackage,1
geopandas,1
geoprocessing,1
georeferencing,1
geoserver,1
geotiff,1
geotools,1
geotrellis,1
gisp,1
google-earth,1
google-maps,1
grass-gis,0
kml,1
leaflet,1
lidar,1
manifold,1
mapbox,1
mapinfo,1
mapnik,1
mapserver,1
model-builder,1
network-analyst,1
ogr2ogr,1
open-source,0
openlayers,1
openstreetmap,1
oracle,0
pgrouting,1
photogrammetry,1
postgis,1
pyqgis,1
qgis,1
qgis-plugins,1
qgis-processing,1
raster,1
remote-sensing,1
shapefile,1
shapely,1
smallworld,1
spatial-analysis,1
spatialite,1
turfjs,1
web-mapping,1
.net,0
3d,0
3d-analyst,0
android,0
c#,0
c++,0
cad,0
computer-vision,0
machine-learning,0
css,0
d3js,0
data-management,0
dem,0
django,0
drone,0
epsg,0
excel,0
golang,0
gps,0
html,0
java,0
javascript,0
json,0
julia,0
landsat,0
linux,0
mbtiles,0
metadata,0
modis,1
mongodb,0
mysql,0
ndvi,0
netcdf,0
numpy,0
php,0
postgresql,0
python,0
r,0
raster-calculator,0
routing,0
ruby,0
rust,0
saga,1
sas,0
sass,0
scala,0
slam,0
nosql,0
sql-server,0
statistics,0
tableau,0
topology,0
ts-sci,0
windows,0
xml,0
security-clearance,0
nodes,0
rails,0
flask,0
pandas,0
fiona,0
survey123,0
tippecanoe,0
radar,0
distributed-computing,0
adobe-cs,0
blender,0
surveying,0
fulcrum,1
db2,0
stata,0
inkscape,0
microstation,0
idrisi,1
udig,1
geomedia,1
bentley,1
big-data,0
orthophotography,1
aicp,0
image-classification,1
deep-learning,0
image-science,0
data-visualization,0
matlab,0
objective-c,0
socet-gxp,1
global-mapper,1
macos,0,
amazon-web-services,0
google-cloud-platform,0
cloud-services,0